collection_name,k,recall,recall@1,recall@2,recall@3,precision,precision@1,precision@2,precision@3,average_precision,retrieval_count
PQ_SPLIT_ALL_text_embedding_3_small,3,0.8888888888888888,0.7962962962962963,0.8888888888888888,0.8888888888888888,0.7561728395061729,0.7962962962962963,0.7962962962962963,0.7962962962962963,0.8395061728395062,1.6296296296296295
PQ_SPLIT_ALL_text_embedding_3_small,5,0.8888888888888888,0.7962962962962963,0.8888888888888888,0.8888888888888888,0.7561728395061729,0.7962962962962963,0.7962962962962963,0.7962962962962963,0.8395061728395062,1.6296296296296295
PQS_ALL_text_embedding_3_small,3,0.8703703703703703,0.8148148148148148,0.8703703703703703,0.8703703703703703,0.7561728395061729,0.8148148148148148,0.8148148148148148,0.8148148148148148,0.8395061728395062,1.6296296296296295
PQS_ALL_text_embedding_3_small,5,0.8703703703703703,0.8148148148148148,0.8703703703703703,0.8703703703703703,0.7561728395061729,0.8148148148148148,0.8148148148148148,0.8148148148148148,0.8395061728395062,1.6296296296296295
PQS_ALL_text_embedding_3_small,9,0.8703703703703703,0.8148148148148148,0.8703703703703703,0.8703703703703703,0.7561728395061729,0.8148148148148148,0.8148148148148148,0.8148148148148148,0.8395061728395062,1.6296296296296295
